[{"id":"0f3203fa-70e2-4819-b5f7-bf810b9e84fe","file_name":"photo-1487180144351-b8472da7d491.jpeg","title":null,"size":86926,"type":"image/jpeg","url":"https://assets-eu-01.kc-usercontent.com/5e56b927-e956-012f-97f2-fce44a1b6e28/7964a747-2ac6-4694-9704-6ab5b49ec657/photo-1487180144351-b8472da7d491.jpeg","image_width":1052,"image_height":700,"file_reference":{"id":"7964a747-2ac6-4694-9704-6ab5b49ec657","type":"internal"},"descriptions":[{"language":{"id":"00000000-0000-0000-0000-000000000000"},"description":null}],"last_modified":"2021-07-26T16:20:53.6618883Z"},{"id":"322c7581-410c-4f7a-8a9d-2e1a1993668f","file_name":"60abd71e30e7873cf28f48661d8837f0.jpeg","title":null,"size":23769,"type":"image/jpeg","url":"https://assets-eu-01.kc-usercontent.com/5e56b927-e956-012f-97f2-fce44a1b6e28/8027550e-b971-45e2-966f-6479ec2cd027/60abd71e30e7873cf28f48661d8837f0.jpeg","image_width":442,"image_height":462,"file_reference":{"id":"8027550e-b971-45e2-966f-6479ec2cd027","type":"internal"},"descriptions":[{"language":{"id":"00000000-0000-0000-0000-000000000000"},"description":null}],"last_modified":"2021-07-26T16:11:37.7186428Z"},{"id":"419c3414-4d1d-4121-a7b2-c798a1aa627e","file_name":"clark kent.jpeg","title":null,"size":327313,"type":"image/jpeg","url":"https://assets-eu-01.kc-usercontent.com/5e56b927-e956-012f-97f2-fce44a1b6e28/bea93548-2153-4540-aad9-80b27a4006d3/clark%20kent.jpeg","image_width":850,"image_height":1204,"file_reference":{"id":"bea93548-2153-4540-aad9-80b27a4006d3","type":"internal"},"descriptions":[{"language":{"id":"00000000-0000-0000-0000-000000000000"},"description":null}],"last_modified":"2021-07-15T16:29:02.731849Z"},{"id":"49fa1464-0e21-49cc-9a8d-9de3e1d364b6","file_name":"photo-1532938911079-1b06ac7ceec7.jpeg","title":null,"size":85969,"type":"image/jpeg","url":"https://assets-eu-01.kc-usercontent.com/5e56b927-e956-012f-97f2-fce44a1b6e28/0073cfef-d412-4c42-b27f-b2e0c5a4a701/photo-1532938911079-1b06ac7ceec7.jpeg","image_width":1189,"image_height":669,"file_reference":{"id":"0073cfef-d412-4c42-b27f-b2e0c5a4a701","type":"internal"},"descriptions":[{"language":{"id":"00000000-0000-0000-0000-000000000000"},"description":null}],"last_modified":"2021-07-26T16:29:41.5227211Z"},{"id":"6357f0d9-8e15-4d21-bfa0-9db0511d244c","file_name":"photo-1598558543997-cd2a5d01c559.jpeg","title":null,"size":150816,"type":"image/jpeg","url":"https://assets-eu-01.kc-usercontent.com/5e56b927-e956-012f-97f2-fce44a1b6e28/a4f80f58-b604-47b0-8642-e70dac6c3507/photo-1598558543997-cd2a5d01c559.jpeg","image_width":1050,"image_height":700,"file_reference":{"id":"a4f80f58-b604-47b0-8642-e70dac6c3507","type":"internal"},"descriptions":[{"language":{"id":"00000000-0000-0000-0000-000000000000"},"description":null}],"last_modified":"2021-07-26T16:25:10.0588745Z"},{"id":"65f42ba3-9091-48ff-9df7-9ced4952ee09","file_name":"photo-1537090357686-51aaa968f2ab.jpeg","title":null,"size":72172,"type":"image/jpeg","url":"https://assets-eu-01.kc-usercontent.com/5e56b927-e956-012f-97f2-fce44a1b6e28/14ce2ca0-01ba-42be-aa32-48df57cfc9ff/photo-1537090357686-51aaa968f2ab.jpeg","image_width":1075,"image_height":694,"file_reference":{"id":"14ce2ca0-01ba-42be-aa32-48df57cfc9ff","type":"internal"},"descriptions":[{"language":{"id":"00000000-0000-0000-0000-000000000000"},"description":null}],"last_modified":"2021-07-26T16:37:21.4960173Z"},{"id":"74e4d2c9-148e-44cf-823f-5fe59771f9f8","file_name":"photo-1474631245212-32dc3c8310c6.jpeg","title":null,"size":61651,"type":"image/jpeg","url":"https://assets-eu-01.kc-usercontent.com/5e56b927-e956-012f-97f2-fce44a1b6e28/d9f5f791-10c8-44dd-b2f9-394d2733f36c/photo-1474631245212-32dc3c8310c6.jpeg","image_width":924,"image_height":741,"file_reference":{"id":"d9f5f791-10c8-44dd-b2f9-394d2733f36c","type":"internal"},"descriptions":[{"language":{"id":"00000000-0000-0000-0000-000000000000"},"description":null}],"last_modified":"2021-07-26T16:40:24.443148Z"},{"id":"773b450c-68ed-49ea-a7e3-a4de18f44e97","file_name":"business.jpeg","title":null,"size":8698,"type":"image/jpeg","url":"https://assets-eu-01.kc-usercontent.com/5e56b927-e956-012f-97f2-fce44a1b6e28/d9a5167a-ce79-4b41-9357-9804f83518c6/business.jpeg","image_width":225,"image_height":225,"file_reference":{"id":"d9a5167a-ce79-4b41-9357-9804f83518c6","type":"internal"},"descriptions":[{"language":{"id":"00000000-0000-0000-0000-000000000000"},"description":null}],"last_modified":"2021-07-26T16:32:22.7815046Z"},{"id":"a4bfd01b-fad9-472a-9d00-c01c4aa0bb06","file_name":"ECcZjlTX4AAJ_0M.jpeg","title":null,"size":27618,"type":"image/jpeg","url":"https://assets-eu-01.kc-usercontent.com/5e56b927-e956-012f-97f2-fce44a1b6e28/20121e22-e40e-40be-aaf8-508ce347783d/ECcZjlTX4AAJ_0M.jpeg","image_width":409,"image_height":522,"file_reference":{"id":"20121e22-e40e-40be-aaf8-508ce347783d","type":"internal"},"descriptions":[{"language":{"id":"00000000-0000-0000-0000-000000000000"},"description":null}],"last_modified":"2021-07-26T16:09:12.6049081Z"},{"id":"b4620945-de53-47db-a27d-9ef2a98eeb18","file_name":"atikh-bana-n19qtMX3nNY-unsplash.jpg","title":null,"size":6692650,"type":"image/jpeg","url":"https://assets-eu-01.kc-usercontent.com/5e56b927-e956-012f-97f2-fce44a1b6e28/db072b35-d39a-4d59-a393-ad5aea98278f/atikh-bana-n19qtMX3nNY-unsplash.jpg","image_width":5431,"image_height":3621,"file_reference":{"id":"db072b35-d39a-4d59-a393-ad5aea98278f","type":"internal"},"descriptions":[{"language":{"id":"00000000-0000-0000-0000-000000000000"},"description":null}],"last_modified":"2021-07-15T16:33:56.4254354Z"},{"id":"ef5ad0e9-4dac-4f73-8809-68f8ee362c63","file_name":"photo-1530735038726-a73fd6e6a349.jpeg","title":null,"size":93389,"type":"image/jpeg","url":"https://assets-eu-01.kc-usercontent.com/5e56b927-e956-012f-97f2-fce44a1b6e28/b8dbaa23-5463-4b8e-9173-ed48b9651b61/photo-1530735038726-a73fd6e6a349.jpeg","image_width":634,"image_height":951,"file_reference":{"id":"b8dbaa23-5463-4b8e-9173-ed48b9651b61","type":"internal"},"descriptions":[{"language":{"id":"00000000-0000-0000-0000-000000000000"},"description":null}],"last_modified":"2021-07-26T16:16:47.3732457Z"}]