[{"id":"3b1ba7c3-a6fb-4a89-9033-0bc2209982d8","codename":"tag","last_modified":"2021-07-15T16:28:03.4893593Z","name":"Tag","content_groups":[],"elements":[{"maximum_text_length":null,"name":"Name","guidelines":null,"is_required":true,"type":"text","id":"4c5da71b-81a4-45b9-8d41-d3ae3689cbce","codename":"name"}]},{"id":"9748ab5b-08ec-4903-a65a-29c190f4d425","codename":"person","last_modified":"2021-07-15T16:27:50.5134107Z","name":"Person","content_groups":[],"elements":[{"maximum_text_length":null,"name":"Name","guidelines":null,"is_required":true,"type":"text","id":"c34c5f54-e419-403f-b08d-66e1756bfa46","codename":"name"},{"asset_count_limit":null,"maximum_file_size":null,"allowed_file_types":"any","image_width_limit":null,"image_height_limit":null,"name":"Image","guidelines":null,"is_required":true,"type":"asset","id":"2421f077-b87e-414d-b350-042552cfdcc4","codename":"image"}]},{"id":"0785a2ab-2b76-4424-aab1-ca10cdbfdbc9","codename":"article","last_modified":"2021-09-07T08:42:51.7282083Z","name":"Article","content_groups":[],"elements":[{"maximum_text_length":null,"name":"Title","guidelines":null,"is_required":true,"type":"text","id":"2a9a25a6-864b-474b-9f96-bc1ecfc6ee67","codename":"title"},{"maximum_text_length":null,"maximum_image_size":null,"allowed_content_types":[],"image_width_limit":null,"image_height_limit":null,"allowed_image_types":"any","allowed_blocks":[],"allowed_formatting":[],"allowed_text_blocks":[],"allowed_table_blocks":[],"allowed_table_formatting":[],"allowed_table_text_blocks":[],"name":"Body","guidelines":null,"is_required":true,"type":"rich_text","id":"bde05af2-fd39-44bc-b60d-0822a9543cd8","codename":"body"},{"item_count_limit":null,"allowed_content_types":[{"id":"3b1ba7c3-a6fb-4a89-9033-0bc2209982d8"}],"name":"Tags","guidelines":null,"is_required":false,"type":"modular_content","id":"d884f0ca-b02e-4e89-b210-690988201c88","codename":"tags"},{"item_count_limit":{"value":1,"condition":"exactly"},"allowed_content_types":[{"id":"9748ab5b-08ec-4903-a65a-29c190f4d425"}],"name":"Author","guidelines":null,"is_required":true,"type":"modular_content","id":"cac5d3c1-dc2f-40fa-a989-774ba7c63b44","codename":"author"},{"name":"Published Date","guidelines":null,"is_required":true,"type":"date_time","id":"abe47f13-f6f2-4d2a-ae99-95fb6d8604e2","codename":"published_date"},{"asset_count_limit":{"value":1,"condition":"exactly"},"maximum_file_size":null,"allowed_file_types":"any","image_width_limit":null,"image_height_limit":null,"name":"Primary Image","guidelines":null,"is_required":true,"type":"asset","id":"d908f17b-eb38-4ec1-9234-cff2eba13f3b","codename":"primary_image"},{"name":"Estimated Reading Time (Minutes)","guidelines":null,"is_required":true,"type":"number","id":"eaf2cfbc-f458-4611-925e-db57a405fefb","codename":"estimated_reading_time_mins"},{"depends_on":{"element":{"id":"2a9a25a6-864b-474b-9f96-bc1ecfc6ee67"}},"name":"URL Slug","guidelines":null,"is_required":true,"type":"url_slug","id":"c3a30341-451f-4351-bfab-fd8ba415c3c1","codename":"url_slug"}]}]