[{"id":"9ca4becc-44f4-4f14-9d7f-88078c076a17","name":"Clark Kent","codename":"clark_kent","type":{"id":"9748ab5b-08ec-4903-a65a-29c190f4d425"},"collection":{"id":"00000000-0000-0000-0000-000000000000"},"sitemap_locations":[],"last_modified":"2021-07-15T16:28:20.8141187Z"},{"id":"cc3fc426-020a-4cf4-9228-7b84b6c4f19b","name":"Fashion","codename":"fashion","type":{"id":"3b1ba7c3-a6fb-4a89-9033-0bc2209982d8"},"collection":{"id":"00000000-0000-0000-0000-000000000000"},"sitemap_locations":[],"last_modified":"2021-07-15T16:29:24.600919Z"},{"id":"8d0a668a-6e04-4ce4-ba8d-ebab0272cfc6","name":"Music","codename":"music","type":{"id":"3b1ba7c3-a6fb-4a89-9033-0bc2209982d8"},"collection":{"id":"00000000-0000-0000-0000-000000000000"},"sitemap_locations":[],"last_modified":"2021-07-15T16:29:40.1238554Z"},{"id":"1d57a8ca-c844-4ddb-a8b0-7592fb7e59c1","name":"Thought Leadership","codename":"thought_leadership","type":{"id":"3b1ba7c3-a6fb-4a89-9033-0bc2209982d8"},"collection":{"id":"00000000-0000-0000-0000-000000000000"},"sitemap_locations":[],"last_modified":"2021-07-15T16:30:39.9094188Z"},{"id":"18862937-3bc2-481e-9ca8-c177b813570a","name":"The 9 worst songs about clothing websites","codename":"the_9_worst_songs_about_clothing_websites","type":{"id":"0785a2ab-2b76-4424-aab1-ca10cdbfdbc9"},"collection":{"id":"00000000-0000-0000-0000-000000000000"},"sitemap_locations":[],"last_modified":"2021-07-22T15:11:50.4587346Z"},{"id":"8203e8cd-2f29-46ba-b233-7f75f23be9de","name":"Peter Parker","codename":"peter_parker","type":{"id":"9748ab5b-08ec-4903-a65a-29c190f4d425"},"collection":{"id":"00000000-0000-0000-0000-000000000000"},"sitemap_locations":[],"last_modified":"2021-07-26T16:07:20.8657504Z"},{"id":"b0ec9669-ba75-4672-bb5d-8d1e54e7f502","name":"Lois Lane","codename":"lois_lane","type":{"id":"9748ab5b-08ec-4903-a65a-29c190f4d425"},"collection":{"id":"00000000-0000-0000-0000-000000000000"},"sitemap_locations":[],"last_modified":"2021-07-26T16:11:28.8581445Z"},{"id":"771fb0c7-ab9e-49f3-8324-9282453c12a3","name":"Fashion: Expectations vs Reality","codename":"fashion__expectations_vs_reality","type":{"id":"0785a2ab-2b76-4424-aab1-ca10cdbfdbc9"},"collection":{"id":"00000000-0000-0000-0000-000000000000"},"sitemap_locations":[],"last_modified":"2021-07-26T16:14:50.2469675Z"},{"id":"6e8b1b77-a343-48c1-91c9-7dfd5a9f7a01","name":"Will Music Ever Rule the World?","codename":"will_music_ever_rule_the_world_","type":{"id":"0785a2ab-2b76-4424-aab1-ca10cdbfdbc9"},"collection":{"id":"00000000-0000-0000-0000-000000000000"},"sitemap_locations":[],"last_modified":"2021-07-26T16:19:50.378538Z"},{"id":"731d544a-021b-4a2f-8b39-8049f80bb452","name":"The Next Big Thing in Cars","codename":"the_next_big_thing_in_cars","type":{"id":"0785a2ab-2b76-4424-aab1-ca10cdbfdbc9"},"collection":{"id":"00000000-0000-0000-0000-000000000000"},"sitemap_locations":[],"last_modified":"2021-07-26T16:24:04.9381249Z"},{"id":"14943f4f-40eb-49e8-b160-0a3e027526a3","name":"Cars","codename":"cars","type":{"id":"3b1ba7c3-a6fb-4a89-9033-0bc2209982d8"},"collection":{"id":"00000000-0000-0000-0000-000000000000"},"sitemap_locations":[],"last_modified":"2021-07-26T16:24:26.4088786Z"},{"id":"78b0ebc4-910e-48e0-bf6c-c0bd61033a85","name":"Health Explained in Fewer than 140 Characters","codename":"health_explained_in_fewer_than_140_characters","type":{"id":"0785a2ab-2b76-4424-aab1-ca10cdbfdbc9"},"collection":{"id":"00000000-0000-0000-0000-000000000000"},"sitemap_locations":[],"last_modified":"2021-07-26T16:28:45.7343551Z"},{"id":"4f5a6d0a-dce8-496b-8b12-8ff621a1a45c","name":"Health","codename":"health","type":{"id":"3b1ba7c3-a6fb-4a89-9033-0bc2209982d8"},"collection":{"id":"00000000-0000-0000-0000-000000000000"},"sitemap_locations":[],"last_modified":"2021-07-26T16:28:59.0626265Z"},{"id":"abc73299-ab83-432f-819a-0bbbde48e243","name":"This Week's Top Stories About Business","codename":"this_week_s_top_stories_about_business","type":{"id":"0785a2ab-2b76-4424-aab1-ca10cdbfdbc9"},"collection":{"id":"00000000-0000-0000-0000-000000000000"},"sitemap_locations":[],"last_modified":"2021-07-26T16:31:10.6609806Z"},{"id":"c322424b-813b-4499-bcba-40c8b8ef2293","name":"Business","codename":"business","type":{"id":"3b1ba7c3-a6fb-4a89-9033-0bc2209982d8"},"collection":{"id":"00000000-0000-0000-0000-000000000000"},"sitemap_locations":[],"last_modified":"2021-07-26T16:31:32.7805633Z"},{"id":"cc79c18c-536f-4478-90ae-94283a981aad","name":"5 Common Mistakes Everyone Makes In Cars","codename":"n5_common_mistakes_everyone_makes_in_cars","type":{"id":"0785a2ab-2b76-4424-aab1-ca10cdbfdbc9"},"collection":{"id":"00000000-0000-0000-0000-000000000000"},"sitemap_locations":[],"last_modified":"2021-07-26T16:35:37.964078Z"},{"id":"8ac2ee1e-2162-4979-b77d-da34180b1dbb","name":"Seven Facts About Health That Will Blow Your Mind","codename":"seven_facts_about_health_that_will_blow_your_mind","type":{"id":"0785a2ab-2b76-4424-aab1-ca10cdbfdbc9"},"collection":{"id":"00000000-0000-0000-0000-000000000000"},"sitemap_locations":[],"last_modified":"2021-07-26T16:38:44.2661146Z"}]