[{"elements":[{"element":{"id":"c34c5f54-e419-403f-b08d-66e1756bfa46"},"value":"Clark Kent"},{"element":{"id":"2421f077-b87e-414d-b350-042552cfdcc4"},"value":[{"id":"419c3414-4d1d-4121-a7b2-c798a1aa627e"}]}],"workflow_step":{"id":"c199950d-99f0-4983-b711-6c4c91624b22"},"item":{"id":"9ca4becc-44f4-4f14-9d7f-88078c076a17"},"language":{"id":"00000000-0000-0000-0000-000000000000"},"last_modified":"2021-07-22T15:39:35.6626756Z"},{"elements":[{"element":{"id":"4c5da71b-81a4-45b9-8d41-d3ae3689cbce"},"value":"Fashion"}],"workflow_step":{"id":"c199950d-99f0-4983-b711-6c4c91624b22"},"item":{"id":"cc3fc426-020a-4cf4-9228-7b84b6c4f19b"},"language":{"id":"00000000-0000-0000-0000-000000000000"},"last_modified":"2021-07-15T16:29:26.288418Z"},{"elements":[{"element":{"id":"4c5da71b-81a4-45b9-8d41-d3ae3689cbce"},"value":"Music"}],"workflow_step":{"id":"c199950d-99f0-4983-b711-6c4c91624b22"},"item":{"id":"8d0a668a-6e04-4ce4-ba8d-ebab0272cfc6"},"language":{"id":"00000000-0000-0000-0000-000000000000"},"last_modified":"2021-07-15T16:29:42.1551212Z"},{"elements":[{"element":{"id":"4c5da71b-81a4-45b9-8d41-d3ae3689cbce"},"value":"Thought Leadership"}],"workflow_step":{"id":"c199950d-99f0-4983-b711-6c4c91624b22"},"item":{"id":"1d57a8ca-c844-4ddb-a8b0-7592fb7e59c1"},"language":{"id":"00000000-0000-0000-0000-000000000000"},"last_modified":"2021-07-15T16:30:52.4724087Z"},{"elements":[{"element":{"id":"2a9a25a6-864b-474b-9f96-bc1ecfc6ee67"},"value":"The 9 worst songs about clothing websites"},{"components":[],"element":{"id":"bde05af2-fd39-44bc-b60d-0822a9543cd8"},"value":"<p>Lorem ipsum dolor sit amet, consectetur adipiscing elit. Donec rhoncus quis arcu ut tincidunt. Interdum et malesuada fames ac ante ipsum primis in faucibus. Praesent est nibh, ultricies sit amet dolor vel, auctor malesuada tellus. Vivamus interdum enim id dapibus sagittis. Fusce laoreet, nisl a condimentum malesuada, orci metus suscipit dolor, nec fermentum nunc nunc eu nisi. Morbi rutrum, velit id iaculis vestibulum, ligula dui tincidunt mi, in pharetra nisl libero nec est. Aenean tristique iaculis sem ut pharetra. Vivamus efficitur risus in interdum mattis. Fusce sit amet ornare tortor. Praesent vel est a arcu ullamcorper blandit et quis nunc. Ut eu massa leo.</p>\n<p>Vestibulum eu ligula id lorem commodo tincidunt eu ut sapien. Nullam nec dolor at ante congue cursus. Aliquam varius et nunc vitae maximus. Nullam quis libero auctor, rhoncus elit sit amet, laoreet metus. Fusce ultrices lectus in ex consequat facilisis. Nulla sem massa, fringilla sed blandit non, imperdiet in tellus. Pellentesque vitae arcu sit amet metus rutrum scelerisque. Donec rhoncus ligula at elit dapibus vehicula. Sed sed accumsan ipsum. In auctor molestie aliquet. In viverra nibh ac risus condimentum consequat. Morbi pulvinar ullamcorper risus non posuere. Donec lobortis, tellus sed pellentesque mollis, dui odio posuere dui, a tristique enim purus vel nulla. Donec luctus leo sit amet neque consectetur fringilla. Morbi suscipit lorem non laoreet convallis. Nullam id egestas nibh.</p>\n<p>Phasellus tincidunt leo ullamcorper, tincidunt tellus egestas, lobortis eros. Integer sagittis luctus mauris id pulvinar. Pellentesque consectetur enim sed finibus malesuada. Donec malesuada rhoncus odio, sit amet dapibus urna aliquet non. Phasellus tempor, turpis sed condimentum posuere, dolor lectus ornare turpis, et posuere leo risus vitae tortor. Nulla tortor purus, iaculis quis massa quis, scelerisque tempor arcu. Donec at metus nec sapien mollis placerat. Nulla quis quam felis. Cras vel lacus interdum, mollis dolor at, congue orci. Praesent eu nisi vel nulla tempus tincidunt.</p>\n<p>Sed vel aliquam arcu. Nulla vehicula, nulla sit amet dictum venenatis, velit sapien fringilla lacus, sed luctus felis nibh et turpis. Nulla facilisi. Nam dolor purus, convallis et est non, placerat tincidunt velit. Ut pellentesque felis id nunc vulputate, id fringilla velit porta. Vivamus vehicula ornare magna, lobortis interdum mi vestibulum sit amet. Ut viverra gravida neque, a auctor justo volutpat eget. Ut id lacinia mi, maximus malesuada mauris. Nullam vitae ex aliquet, rutrum arcu vitae, dapibus sem. Sed iaculis tellus sed diam porttitor, a ornare leo blandit. Pellentesque mattis ipsum neque.</p>"},{"element":{"id":"d884f0ca-b02e-4e89-b210-690988201c88"},"value":[{"id":"1d57a8ca-c844-4ddb-a8b0-7592fb7e59c1"},{"id":"8d0a668a-6e04-4ce4-ba8d-ebab0272cfc6"},{"id":"cc3fc426-020a-4cf4-9228-7b84b6c4f19b"}]},{"element":{"id":"cac5d3c1-dc2f-40fa-a989-774ba7c63b44"},"value":[{"id":"9ca4becc-44f4-4f14-9d7f-88078c076a17"}]},{"element":{"id":"abe47f13-f6f2-4d2a-ae99-95fb6d8604e2"},"value":"2021-07-07T00:00:00Z"},{"element":{"id":"d908f17b-eb38-4ec1-9234-cff2eba13f3b"},"value":[{"id":"b4620945-de53-47db-a27d-9ef2a98eeb18"}]},{"element":{"id":"eaf2cfbc-f458-4611-925e-db57a405fefb"},"value":8},{"mode":"autogenerated","element":{"id":"c3a30341-451f-4351-bfab-fd8ba415c3c1"},"value":"the-9-worst-songs-about-clothing-websites"}],"workflow_step":{"id":"c199950d-99f0-4983-b711-6c4c91624b22"},"item":{"id":"18862937-3bc2-481e-9ca8-c177b813570a"},"language":{"id":"00000000-0000-0000-0000-000000000000"},"last_modified":"2021-09-01T16:43:10.615474Z"},{"elements":[{"element":{"id":"c34c5f54-e419-403f-b08d-66e1756bfa46"},"value":"Peter Parker"},{"element":{"id":"2421f077-b87e-414d-b350-042552cfdcc4"},"value":[{"id":"a4bfd01b-fad9-472a-9d00-c01c4aa0bb06"}]}],"workflow_step":{"id":"c199950d-99f0-4983-b711-6c4c91624b22"},"item":{"id":"8203e8cd-2f29-46ba-b233-7f75f23be9de"},"language":{"id":"00000000-0000-0000-0000-000000000000"},"last_modified":"2021-07-26T16:09:16.6206024Z"},{"elements":[{"element":{"id":"c34c5f54-e419-403f-b08d-66e1756bfa46"},"value":"Lois Lane"},{"element":{"id":"2421f077-b87e-414d-b350-042552cfdcc4"},"value":[{"id":"322c7581-410c-4f7a-8a9d-2e1a1993668f"}]}],"workflow_step":{"id":"c199950d-99f0-4983-b711-6c4c91624b22"},"item":{"id":"b0ec9669-ba75-4672-bb5d-8d1e54e7f502"},"language":{"id":"00000000-0000-0000-0000-000000000000"},"last_modified":"2021-07-26T16:11:39.6930633Z"},{"elements":[{"element":{"id":"2a9a25a6-864b-474b-9f96-bc1ecfc6ee67"},"value":"Fashion: Expectations vs Reality"},{"components":[],"element":{"id":"bde05af2-fd39-44bc-b60d-0822a9543cd8"},"value":"<p>Lorem ipsum dolor sit amet, consectetur adipiscing elit, sed do eiusmod tempor incididunt ut labore et dolore magna aliqua. Tellus pellentesque eu tincidunt tortor aliquam nulla facilisi. Platea dictumst quisque sagittis purus sit amet volutpat. Adipiscing at in tellus integer feugiat. A lacus vestibulum sed arcu non. Amet justo donec enim diam. Porttitor leo a diam sollicitudin tempor id eu nisl. Amet consectetur adipiscing elit duis tristique sollicitudin nibh sit. Augue neque gravida in fermentum et. Mollis nunc sed id semper risus in hendrerit gravida. Rhoncus mattis rhoncus urna neque viverra justo nec ultrices dui. Amet massa vitae tortor condimentum lacinia quis vel. At consectetur lorem donec massa sapien faucibus et molestie. Consequat id porta nibh venenatis cras. Facilisi etiam dignissim diam quis. Aliquam nulla facilisi cras fermentum odio eu feugiat pretium. Enim nunc faucibus a pellentesque sit.</p>\n<p>Morbi tristique senectus et netus et malesuada fames ac turpis. Ultricies mi eget mauris pharetra et ultrices neque ornare aenean. Enim blandit volutpat maecenas volutpat blandit. Tempor commodo ullamcorper a lacus vestibulum sed. Dignissim diam quis enim lobortis. Viverra adipiscing at in tellus integer feugiat. Mauris nunc congue nisi vitae suscipit. Leo urna molestie at elementum eu facilisis sed odio morbi. Mi sit amet mauris commodo quis imperdiet massa tincidunt. Est lorem ipsum dolor sit amet consectetur adipiscing. Viverra nam libero justo laoreet sit amet cursus sit amet. Nec feugiat in fermentum posuere urna nec. Pharetra convallis posuere morbi leo. Ac orci phasellus egestas tellus rutrum.</p>\n<p>Odio ut sem nulla pharetra diam sit amet nisl suscipit. Eget velit aliquet sagittis id consectetur purus ut faucibus pulvinar. Diam sit amet nisl suscipit adipiscing bibendum. Quam elementum pulvinar etiam non quam lacus suspendisse faucibus interdum. Donec massa sapien faucibus et molestie ac feugiat sed. Lacus laoreet non curabitur gravida arcu ac tortor. Quis varius quam quisque id diam. Tortor aliquam nulla facilisi cras fermentum odio eu. Tempor nec feugiat nisl pretium fusce id velit ut tortor. Purus gravida quis blandit turpis cursus in hac habitasse. Pharetra convallis posuere morbi leo urna. Et malesuada fames ac turpis egestas integer eget. Nisi vitae suscipit tellus mauris. Penatibus et magnis dis parturient montes nascetur ridiculus mus mauris. Massa ultricies mi quis hendrerit dolor magna eget est lorem.</p>\n<p>Pellentesque id nibh tortor id aliquet. In est ante in nibh mauris cursus mattis. Vitae sapien pellentesque habitant morbi tristique senectus. Sed ullamcorper morbi tincidunt ornare massa eget egestas purus viverra. Cursus metus aliquam eleifend mi in nulla posuere sollicitudin. Massa id neque aliquam vestibulum morbi blandit. Placerat vestibulum lectus mauris ultrices eros in cursus. Auctor augue mauris augue neque gravida in fermentum et sollicitudin. Gravida quis blandit turpis cursus in hac habitasse platea. Sed euismod nisi porta lorem mollis aliquam. Netus et malesuada fames ac turpis. Est placerat in egestas erat. Pellentesque habitant morbi tristique senectus et netus et malesuada fames. Auctor augue mauris augue neque gravida in fermentum et sollicitudin. Eu facilisis sed odio morbi. Commodo sed egestas egestas fringilla phasellus faucibus scelerisque eleifend. Leo urna molestie at elementum eu. Arcu non odio euismod lacinia at quis risus sed. Egestas integer eget aliquet nibh praesent tristique magna.</p>\n<p>Lacus sed turpis tincidunt id aliquet risus. Tincidunt vitae semper quis lectus nulla at. Faucibus ornare suspendisse sed nisi lacus sed viverra tellus. Augue lacus viverra vitae congue eu consequat. At elementum eu facilisis sed odio. Aenean euismod elementum nisi quis eleifend quam adipiscing vitae proin. Hac habitasse platea dictumst vestibulum rhoncus est pellentesque elit. Orci sagittis eu volutpat odio. Tempor nec feugiat nisl pretium fusce id velit. Aliquam ut porttitor leo a diam sollicitudin tempor.</p>"},{"element":{"id":"d884f0ca-b02e-4e89-b210-690988201c88"},"value":[{"id":"cc3fc426-020a-4cf4-9228-7b84b6c4f19b"}]},{"element":{"id":"cac5d3c1-dc2f-40fa-a989-774ba7c63b44"},"value":[{"id":"8203e8cd-2f29-46ba-b233-7f75f23be9de"}]},{"element":{"id":"abe47f13-f6f2-4d2a-ae99-95fb6d8604e2"},"value":"2021-07-26T00:00:00Z"},{"element":{"id":"d908f17b-eb38-4ec1-9234-cff2eba13f3b"},"value":[{"id":"ef5ad0e9-4dac-4f73-8809-68f8ee362c63"}]},{"element":{"id":"eaf2cfbc-f458-4611-925e-db57a405fefb"},"value":6},{"mode":"autogenerated","element":{"id":"c3a30341-451f-4351-bfab-fd8ba415c3c1"},"value":"fashion-expectations-vs-reality"}],"workflow_step":{"id":"c199950d-99f0-4983-b711-6c4c91624b22"},"item":{"id":"771fb0c7-ab9e-49f3-8324-9282453c12a3"},"language":{"id":"00000000-0000-0000-0000-000000000000"},"last_modified":"2021-07-26T16:16:58.9551396Z"},{"elements":[{"element":{"id":"2a9a25a6-864b-474b-9f96-bc1ecfc6ee67"},"value":"Will Music Ever Rule the World?"},{"components":[],"element":{"id":"bde05af2-fd39-44bc-b60d-0822a9543cd8"},"value":"<p>Lorem ipsum dolor sit amet, consectetur adipiscing elit, sed do eiusmod tempor incididunt ut labore et dolore magna aliqua. Tellus pellentesque eu tincidunt tortor aliquam nulla facilisi. Platea dictumst quisque sagittis purus sit amet volutpat. Adipiscing at in tellus integer feugiat. A lacus vestibulum sed arcu non. Amet justo donec enim diam. Porttitor leo a diam sollicitudin tempor id eu nisl. Amet consectetur adipiscing elit duis tristique sollicitudin nibh sit. Augue neque gravida in fermentum et. Mollis nunc sed id semper risus in hendrerit gravida. Rhoncus mattis rhoncus urna neque viverra justo nec ultrices dui. Amet massa vitae tortor condimentum lacinia quis vel. At consectetur lorem donec massa sapien faucibus et molestie. Consequat id porta nibh venenatis cras. Facilisi etiam dignissim diam quis. Aliquam nulla facilisi cras fermentum odio eu feugiat pretium. Enim nunc faucibus a pellentesque sit.</p>\n<p>Morbi tristique senectus et netus et malesuada fames ac turpis. Ultricies mi eget mauris pharetra et ultrices neque ornare aenean. Enim blandit volutpat maecenas volutpat blandit. Tempor commodo ullamcorper a lacus vestibulum sed. Dignissim diam quis enim lobortis. Viverra adipiscing at in tellus integer feugiat. Mauris nunc congue nisi vitae suscipit. Leo urna molestie at elementum eu facilisis sed odio morbi. Mi sit amet mauris commodo quis imperdiet massa tincidunt. Est lorem ipsum dolor sit amet consectetur adipiscing. Viverra nam libero justo laoreet sit amet cursus sit amet. Nec feugiat in fermentum posuere urna nec. Pharetra convallis posuere morbi leo. Ac orci phasellus egestas tellus rutrum.</p>\n<p>Odio ut sem nulla pharetra diam sit amet nisl suscipit. Eget velit aliquet sagittis id consectetur purus ut faucibus pulvinar. Diam sit amet nisl suscipit adipiscing bibendum. Quam elementum pulvinar etiam non quam lacus suspendisse faucibus interdum. Donec massa sapien faucibus et molestie ac feugiat sed. Lacus laoreet non curabitur gravida arcu ac tortor. Quis varius quam quisque id diam. Tortor aliquam nulla facilisi cras fermentum odio eu. Tempor nec feugiat nisl pretium fusce id velit ut tortor. Purus gravida quis blandit turpis cursus in hac habitasse. Pharetra convallis posuere morbi leo urna. Et malesuada fames ac turpis egestas integer eget. Nisi vitae suscipit tellus mauris. Penatibus et magnis dis parturient montes nascetur ridiculus mus mauris. Massa ultricies mi quis hendrerit dolor magna eget est lorem.</p>\n<p>Pellentesque id nibh tortor id aliquet. In est ante in nibh mauris cursus mattis. Vitae sapien pellentesque habitant morbi tristique senectus. Sed ullamcorper morbi tincidunt ornare massa eget egestas purus viverra. Cursus metus aliquam eleifend mi in nulla posuere sollicitudin. Massa id neque aliquam vestibulum morbi blandit. Placerat vestibulum lectus mauris ultrices eros in cursus. Auctor augue mauris augue neque gravida in fermentum et sollicitudin. Gravida quis blandit turpis cursus in hac habitasse platea. Sed euismod nisi porta lorem mollis aliquam. Netus et malesuada fames ac turpis. Est placerat in egestas erat. Pellentesque habitant morbi tristique senectus et netus et malesuada fames. Auctor augue mauris augue neque gravida in fermentum et sollicitudin. Eu facilisis sed odio morbi. Commodo sed egestas egestas fringilla phasellus faucibus scelerisque eleifend. Leo urna molestie at elementum eu. Arcu non odio euismod lacinia at quis risus sed. Egestas integer eget aliquet nibh praesent tristique magna.</p>\n<p>Lacus sed turpis tincidunt id aliquet risus. Tincidunt vitae semper quis lectus nulla at. Faucibus ornare suspendisse sed nisi lacus sed viverra tellus. Augue lacus viverra vitae congue eu consequat. At elementum eu facilisis sed odio. Aenean euismod elementum nisi quis eleifend quam adipiscing vitae proin. Hac habitasse platea dictumst vestibulum rhoncus est pellentesque elit. Orci sagittis eu volutpat odio. Tempor nec feugiat nisl pretium fusce id velit. Aliquam ut porttitor leo a diam sollicitudin tempor.</p>"},{"element":{"id":"d884f0ca-b02e-4e89-b210-690988201c88"},"value":[{"id":"8d0a668a-6e04-4ce4-ba8d-ebab0272cfc6"},{"id":"1d57a8ca-c844-4ddb-a8b0-7592fb7e59c1"}]},{"element":{"id":"cac5d3c1-dc2f-40fa-a989-774ba7c63b44"},"value":[{"id":"b0ec9669-ba75-4672-bb5d-8d1e54e7f502"}]},{"element":{"id":"abe47f13-f6f2-4d2a-ae99-95fb6d8604e2"},"value":"2021-07-26T00:00:00Z"},{"element":{"id":"d908f17b-eb38-4ec1-9234-cff2eba13f3b"},"value":[{"id":"0f3203fa-70e2-4819-b5f7-bf810b9e84fe"}]},{"element":{"id":"eaf2cfbc-f458-4611-925e-db57a405fefb"},"value":11},{"mode":"autogenerated","element":{"id":"c3a30341-451f-4351-bfab-fd8ba415c3c1"},"value":"will-music-ever-rule-the-world"}],"workflow_step":{"id":"c199950d-99f0-4983-b711-6c4c91624b22"},"item":{"id":"6e8b1b77-a343-48c1-91c9-7dfd5a9f7a01"},"language":{"id":"00000000-0000-0000-0000-000000000000"},"last_modified":"2021-07-26T16:21:03.0167227Z"},{"elements":[{"element":{"id":"2a9a25a6-864b-474b-9f96-bc1ecfc6ee67"},"value":"The Next Big Thing in Cars"},{"components":[],"element":{"id":"bde05af2-fd39-44bc-b60d-0822a9543cd8"},"value":"<p>Lorem ipsum dolor sit amet, consectetur adipiscing elit, sed do eiusmod tempor incididunt ut labore et dolore magna aliqua. Tellus pellentesque eu tincidunt tortor aliquam nulla facilisi. Platea dictumst quisque sagittis purus sit amet volutpat. Adipiscing at in tellus integer feugiat. A lacus vestibulum sed arcu non. Amet justo donec enim diam. Porttitor leo a diam sollicitudin tempor id eu nisl. Amet consectetur adipiscing elit duis tristique sollicitudin nibh sit. Augue neque gravida in fermentum et. Mollis nunc sed id semper risus in hendrerit gravida. Rhoncus mattis rhoncus urna neque viverra justo nec ultrices dui. Amet massa vitae tortor condimentum lacinia quis vel. At consectetur lorem donec massa sapien faucibus et molestie. Consequat id porta nibh venenatis cras. Facilisi etiam dignissim diam quis. Aliquam nulla facilisi cras fermentum odio eu feugiat pretium. Enim nunc faucibus a pellentesque sit.</p>\n<p>Morbi tristique senectus et netus et malesuada fames ac turpis. Ultricies mi eget mauris pharetra et ultrices neque ornare aenean. Enim blandit volutpat maecenas volutpat blandit. Tempor commodo ullamcorper a lacus vestibulum sed. Dignissim diam quis enim lobortis. Viverra adipiscing at in tellus integer feugiat. Mauris nunc congue nisi vitae suscipit. Leo urna molestie at elementum eu facilisis sed odio morbi. Mi sit amet mauris commodo quis imperdiet massa tincidunt. Est lorem ipsum dolor sit amet consectetur adipiscing. Viverra nam libero justo laoreet sit amet cursus sit amet. Nec feugiat in fermentum posuere urna nec. Pharetra convallis posuere morbi leo. Ac orci phasellus egestas tellus rutrum.</p>\n<p>Odio ut sem nulla pharetra diam sit amet nisl suscipit. Eget velit aliquet sagittis id consectetur purus ut faucibus pulvinar. Diam sit amet nisl suscipit adipiscing bibendum. Quam elementum pulvinar etiam non quam lacus suspendisse faucibus interdum. Donec massa sapien faucibus et molestie ac feugiat sed. Lacus laoreet non curabitur gravida arcu ac tortor. Quis varius quam quisque id diam. Tortor aliquam nulla facilisi cras fermentum odio eu. Tempor nec feugiat nisl pretium fusce id velit ut tortor. Purus gravida quis blandit turpis cursus in hac habitasse. Pharetra convallis posuere morbi leo urna. Et malesuada fames ac turpis egestas integer eget. Nisi vitae suscipit tellus mauris. Penatibus et magnis dis parturient montes nascetur ridiculus mus mauris. Massa ultricies mi quis hendrerit dolor magna eget est lorem.</p>\n<p>Pellentesque id nibh tortor id aliquet. In est ante in nibh mauris cursus mattis. Vitae sapien pellentesque habitant morbi tristique senectus. Sed ullamcorper morbi tincidunt ornare massa eget egestas purus viverra. Cursus metus aliquam eleifend mi in nulla posuere sollicitudin. Massa id neque aliquam vestibulum morbi blandit. Placerat vestibulum lectus mauris ultrices eros in cursus. Auctor augue mauris augue neque gravida in fermentum et sollicitudin. Gravida quis blandit turpis cursus in hac habitasse platea. Sed euismod nisi porta lorem mollis aliquam. Netus et malesuada fames ac turpis. Est placerat in egestas erat. Pellentesque habitant morbi tristique senectus et netus et malesuada fames. Auctor augue mauris augue neque gravida in fermentum et sollicitudin. Eu facilisis sed odio morbi. Commodo sed egestas egestas fringilla phasellus faucibus scelerisque eleifend. Leo urna molestie at elementum eu. Arcu non odio euismod lacinia at quis risus sed. Egestas integer eget aliquet nibh praesent tristique magna.</p>\n<p>Lacus sed turpis tincidunt id aliquet risus. Tincidunt vitae semper quis lectus nulla at. Faucibus ornare suspendisse sed nisi lacus sed viverra tellus. Augue lacus viverra vitae congue eu consequat. At elementum eu facilisis sed odio. Aenean euismod elementum nisi quis eleifend quam adipiscing vitae proin. Hac habitasse platea dictumst vestibulum rhoncus est pellentesque elit. Orci sagittis eu volutpat odio. Tempor nec feugiat nisl pretium fusce id velit. Aliquam ut porttitor leo a diam sollicitudin tempor.</p>"},{"element":{"id":"d884f0ca-b02e-4e89-b210-690988201c88"},"value":[{"id":"14943f4f-40eb-49e8-b160-0a3e027526a3"}]},{"element":{"id":"cac5d3c1-dc2f-40fa-a989-774ba7c63b44"},"value":[{"id":"b0ec9669-ba75-4672-bb5d-8d1e54e7f502"}]},{"element":{"id":"abe47f13-f6f2-4d2a-ae99-95fb6d8604e2"},"value":"2021-07-26T00:00:00Z"},{"element":{"id":"d908f17b-eb38-4ec1-9234-cff2eba13f3b"},"value":[{"id":"6357f0d9-8e15-4d21-bfa0-9db0511d244c"}]},{"element":{"id":"eaf2cfbc-f458-4611-925e-db57a405fefb"},"value":3},{"mode":"autogenerated","element":{"id":"c3a30341-451f-4351-bfab-fd8ba415c3c1"},"value":"the-next-big-thing-in-cars"}],"workflow_step":{"id":"c199950d-99f0-4983-b711-6c4c91624b22"},"item":{"id":"731d544a-021b-4a2f-8b39-8049f80bb452"},"language":{"id":"00000000-0000-0000-0000-000000000000"},"last_modified":"2021-07-26T16:25:15.902796Z"},{"elements":[{"element":{"id":"4c5da71b-81a4-45b9-8d41-d3ae3689cbce"},"value":"Cars"}],"workflow_step":{"id":"c199950d-99f0-4983-b711-6c4c91624b22"},"item":{"id":"14943f4f-40eb-49e8-b160-0a3e027526a3"},"language":{"id":"00000000-0000-0000-0000-000000000000"},"last_modified":"2021-07-26T16:24:27.6814319Z"},{"elements":[{"element":{"id":"2a9a25a6-864b-474b-9f96-bc1ecfc6ee67"},"value":"Health Explained in Fewer than 140 Characters"},{"components":[],"element":{"id":"bde05af2-fd39-44bc-b60d-0822a9543cd8"},"value":"<p>Lorem ipsum dolor sit amet, consectetur adipiscing elit, sed do eiusmod tempor incididunt ut labore et dolore magna aliqua. Tellus pellentesque eu tincidunt tortor aliquam nulla facilisi. Platea dictumst quisque sagittis purus sit amet volutpat. Adipiscing at in tellus integer feugiat. A lacus vestibulum sed arcu non. Amet justo donec enim diam. Porttitor leo a diam sollicitudin tempor id eu nisl. Amet consectetur adipiscing elit duis tristique sollicitudin nibh sit. Augue neque gravida in fermentum et. Mollis nunc sed id semper risus in hendrerit gravida. Rhoncus mattis rhoncus urna neque viverra justo nec ultrices dui. Amet massa vitae tortor condimentum lacinia quis vel. At consectetur lorem donec massa sapien faucibus et molestie. Consequat id porta nibh venenatis cras. Facilisi etiam dignissim diam quis. Aliquam nulla facilisi cras fermentum odio eu feugiat pretium. Enim nunc faucibus a pellentesque sit.</p>\n<p>Morbi tristique senectus et netus et malesuada fames ac turpis. Ultricies mi eget mauris pharetra et ultrices neque ornare aenean. Enim blandit volutpat maecenas volutpat blandit. Tempor commodo ullamcorper a lacus vestibulum sed. Dignissim diam quis enim lobortis. Viverra adipiscing at in tellus integer feugiat. Mauris nunc congue nisi vitae suscipit. Leo urna molestie at elementum eu facilisis sed odio morbi. Mi sit amet mauris commodo quis imperdiet massa tincidunt. Est lorem ipsum dolor sit amet consectetur adipiscing. Viverra nam libero justo laoreet sit amet cursus sit amet. Nec feugiat in fermentum posuere urna nec. Pharetra convallis posuere morbi leo. Ac orci phasellus egestas tellus rutrum.</p>\n<p>Odio ut sem nulla pharetra diam sit amet nisl suscipit. Eget velit aliquet sagittis id consectetur purus ut faucibus pulvinar. Diam sit amet nisl suscipit adipiscing bibendum. Quam elementum pulvinar etiam non quam lacus suspendisse faucibus interdum. Donec massa sapien faucibus et molestie ac feugiat sed. Lacus laoreet non curabitur gravida arcu ac tortor. Quis varius quam quisque id diam. Tortor aliquam nulla facilisi cras fermentum odio eu. Tempor nec feugiat nisl pretium fusce id velit ut tortor. Purus gravida quis blandit turpis cursus in hac habitasse. Pharetra convallis posuere morbi leo urna. Et malesuada fames ac turpis egestas integer eget. Nisi vitae suscipit tellus mauris. Penatibus et magnis dis parturient montes nascetur ridiculus mus mauris. Massa ultricies mi quis hendrerit dolor magna eget est lorem.</p>\n<p>Pellentesque id nibh tortor id aliquet. In est ante in nibh mauris cursus mattis. Vitae sapien pellentesque habitant morbi tristique senectus. Sed ullamcorper morbi tincidunt ornare massa eget egestas purus viverra. Cursus metus aliquam eleifend mi in nulla posuere sollicitudin. Massa id neque aliquam vestibulum morbi blandit. Placerat vestibulum lectus mauris ultrices eros in cursus. Auctor augue mauris augue neque gravida in fermentum et sollicitudin. Gravida quis blandit turpis cursus in hac habitasse platea. Sed euismod nisi porta lorem mollis aliquam. Netus et malesuada fames ac turpis. Est placerat in egestas erat. Pellentesque habitant morbi tristique senectus et netus et malesuada fames. Auctor augue mauris augue neque gravida in fermentum et sollicitudin. Eu facilisis sed odio morbi. Commodo sed egestas egestas fringilla phasellus faucibus scelerisque eleifend. Leo urna molestie at elementum eu. Arcu non odio euismod lacinia at quis risus sed. Egestas integer eget aliquet nibh praesent tristique magna.</p>\n<p>Lacus sed turpis tincidunt id aliquet risus. Tincidunt vitae semper quis lectus nulla at. Faucibus ornare suspendisse sed nisi lacus sed viverra tellus. Augue lacus viverra vitae congue eu consequat. At elementum eu facilisis sed odio. Aenean euismod elementum nisi quis eleifend quam adipiscing vitae proin. Hac habitasse platea dictumst vestibulum rhoncus est pellentesque elit. Orci sagittis eu volutpat odio. Tempor nec feugiat nisl pretium fusce id velit. Aliquam ut porttitor leo a diam sollicitudin tempor.</p>"},{"element":{"id":"d884f0ca-b02e-4e89-b210-690988201c88"},"value":[{"id":"4f5a6d0a-dce8-496b-8b12-8ff621a1a45c"},{"id":"1d57a8ca-c844-4ddb-a8b0-7592fb7e59c1"}]},{"element":{"id":"cac5d3c1-dc2f-40fa-a989-774ba7c63b44"},"value":[{"id":"9ca4becc-44f4-4f14-9d7f-88078c076a17"}]},{"element":{"id":"abe47f13-f6f2-4d2a-ae99-95fb6d8604e2"},"value":"2021-07-26T00:00:00Z"},{"element":{"id":"d908f17b-eb38-4ec1-9234-cff2eba13f3b"},"value":[{"id":"49fa1464-0e21-49cc-9a8d-9de3e1d364b6"}]},{"element":{"id":"eaf2cfbc-f458-4611-925e-db57a405fefb"},"value":1},{"mode":"autogenerated","element":{"id":"c3a30341-451f-4351-bfab-fd8ba415c3c1"},"value":"health-explained-in-fewer-than-140-characters"}],"workflow_step":{"id":"c199950d-99f0-4983-b711-6c4c91624b22"},"item":{"id":"78b0ebc4-910e-48e0-bf6c-c0bd61033a85"},"language":{"id":"00000000-0000-0000-0000-000000000000"},"last_modified":"2021-07-26T16:29:50.6888641Z"},{"elements":[{"element":{"id":"4c5da71b-81a4-45b9-8d41-d3ae3689cbce"},"value":"Health"}],"workflow_step":{"id":"c199950d-99f0-4983-b711-6c4c91624b22"},"item":{"id":"4f5a6d0a-dce8-496b-8b12-8ff621a1a45c"},"language":{"id":"00000000-0000-0000-0000-000000000000"},"last_modified":"2021-07-26T16:29:01.7062965Z"},{"elements":[{"element":{"id":"2a9a25a6-864b-474b-9f96-bc1ecfc6ee67"},"value":"This Week's Top Stories About Business"},{"components":[],"element":{"id":"bde05af2-fd39-44bc-b60d-0822a9543cd8"},"value":"<p>Lorem ipsum dolor sit amet, consectetur adipiscing elit, sed do eiusmod tempor incididunt ut labore et dolore magna aliqua. Tellus pellentesque eu tincidunt tortor aliquam nulla facilisi. Platea dictumst quisque sagittis purus sit amet volutpat. Adipiscing at in tellus integer feugiat. A lacus vestibulum sed arcu non. Amet justo donec enim diam. Porttitor leo a diam sollicitudin tempor id eu nisl. Amet consectetur adipiscing elit duis tristique sollicitudin nibh sit. Augue neque gravida in fermentum et. Mollis nunc sed id semper risus in hendrerit gravida. Rhoncus mattis rhoncus urna neque viverra justo nec ultrices dui. Amet massa vitae tortor condimentum lacinia quis vel. At consectetur lorem donec massa sapien faucibus et molestie. Consequat id porta nibh venenatis cras. Facilisi etiam dignissim diam quis. Aliquam nulla facilisi cras fermentum odio eu feugiat pretium. Enim nunc faucibus a pellentesque sit.</p>\n<p>Morbi tristique senectus et netus et malesuada fames ac turpis. Ultricies mi eget mauris pharetra et ultrices neque ornare aenean. Enim blandit volutpat maecenas volutpat blandit. Tempor commodo ullamcorper a lacus vestibulum sed. Dignissim diam quis enim lobortis. Viverra adipiscing at in tellus integer feugiat. Mauris nunc congue nisi vitae suscipit. Leo urna molestie at elementum eu facilisis sed odio morbi. Mi sit amet mauris commodo quis imperdiet massa tincidunt. Est lorem ipsum dolor sit amet consectetur adipiscing. Viverra nam libero justo laoreet sit amet cursus sit amet. Nec feugiat in fermentum posuere urna nec. Pharetra convallis posuere morbi leo. Ac orci phasellus egestas tellus rutrum.</p>\n<p>Odio ut sem nulla pharetra diam sit amet nisl suscipit. Eget velit aliquet sagittis id consectetur purus ut faucibus pulvinar. Diam sit amet nisl suscipit adipiscing bibendum. Quam elementum pulvinar etiam non quam lacus suspendisse faucibus interdum. Donec massa sapien faucibus et molestie ac feugiat sed. Lacus laoreet non curabitur gravida arcu ac tortor. Quis varius quam quisque id diam. Tortor aliquam nulla facilisi cras fermentum odio eu. Tempor nec feugiat nisl pretium fusce id velit ut tortor. Purus gravida quis blandit turpis cursus in hac habitasse. Pharetra convallis posuere morbi leo urna. Et malesuada fames ac turpis egestas integer eget. Nisi vitae suscipit tellus mauris. Penatibus et magnis dis parturient montes nascetur ridiculus mus mauris. Massa ultricies mi quis hendrerit dolor magna eget est lorem.</p>\n<p>Pellentesque id nibh tortor id aliquet. In est ante in nibh mauris cursus mattis. Vitae sapien pellentesque habitant morbi tristique senectus. Sed ullamcorper morbi tincidunt ornare massa eget egestas purus viverra. Cursus metus aliquam eleifend mi in nulla posuere sollicitudin. Massa id neque aliquam vestibulum morbi blandit. Placerat vestibulum lectus mauris ultrices eros in cursus. Auctor augue mauris augue neque gravida in fermentum et sollicitudin. Gravida quis blandit turpis cursus in hac habitasse platea. Sed euismod nisi porta lorem mollis aliquam. Netus et malesuada fames ac turpis. Est placerat in egestas erat. Pellentesque habitant morbi tristique senectus et netus et malesuada fames. Auctor augue mauris augue neque gravida in fermentum et sollicitudin. Eu facilisis sed odio morbi. Commodo sed egestas egestas fringilla phasellus faucibus scelerisque eleifend. Leo urna molestie at elementum eu. Arcu non odio euismod lacinia at quis risus sed. Egestas integer eget aliquet nibh praesent tristique magna.</p>\n<p>Lacus sed turpis tincidunt id aliquet risus. Tincidunt vitae semper quis lectus nulla at. Faucibus ornare suspendisse sed nisi lacus sed viverra tellus. Augue lacus viverra vitae congue eu consequat. At elementum eu facilisis sed odio. Aenean euismod elementum nisi quis eleifend quam adipiscing vitae proin. Hac habitasse platea dictumst vestibulum rhoncus est pellentesque elit. Orci sagittis eu volutpat odio. Tempor nec feugiat nisl pretium fusce id velit. Aliquam ut porttitor leo a diam sollicitudin tempor.</p>"},{"element":{"id":"d884f0ca-b02e-4e89-b210-690988201c88"},"value":[{"id":"c322424b-813b-4499-bcba-40c8b8ef2293"}]},{"element":{"id":"cac5d3c1-dc2f-40fa-a989-774ba7c63b44"},"value":[{"id":"9ca4becc-44f4-4f14-9d7f-88078c076a17"}]},{"element":{"id":"abe47f13-f6f2-4d2a-ae99-95fb6d8604e2"},"value":"2021-07-18T00:00:00Z"},{"element":{"id":"d908f17b-eb38-4ec1-9234-cff2eba13f3b"},"value":[{"id":"773b450c-68ed-49ea-a7e3-a4de18f44e97"}]},{"element":{"id":"eaf2cfbc-f458-4611-925e-db57a405fefb"},"value":9},{"mode":"autogenerated","element":{"id":"c3a30341-451f-4351-bfab-fd8ba415c3c1"},"value":"this-week-s-top-stories-about-business"}],"workflow_step":{"id":"c199950d-99f0-4983-b711-6c4c91624b22"},"item":{"id":"abc73299-ab83-432f-819a-0bbbde48e243"},"language":{"id":"00000000-0000-0000-0000-000000000000"},"last_modified":"2021-07-26T16:32:27.7695882Z"},{"elements":[{"element":{"id":"4c5da71b-81a4-45b9-8d41-d3ae3689cbce"},"value":"Business"}],"workflow_step":{"id":"c199950d-99f0-4983-b711-6c4c91624b22"},"item":{"id":"c322424b-813b-4499-bcba-40c8b8ef2293"},"language":{"id":"00000000-0000-0000-0000-000000000000"},"last_modified":"2021-07-26T16:31:34.5128715Z"},{"elements":[{"element":{"id":"2a9a25a6-864b-474b-9f96-bc1ecfc6ee67"},"value":"5 Common Mistakes Everyone Makes In Cars"},{"components":[],"element":{"id":"bde05af2-fd39-44bc-b60d-0822a9543cd8"},"value":"<p>Lorem ipsum dolor sit amet, consectetur adipiscing elit, sed do eiusmod tempor incididunt ut labore et dolore magna aliqua. Tellus pellentesque eu tincidunt tortor aliquam nulla facilisi. Platea dictumst quisque sagittis purus sit amet volutpat. Adipiscing at in tellus integer feugiat. A lacus vestibulum sed arcu non. Amet justo donec enim diam. Porttitor leo a diam sollicitudin tempor id eu nisl. Amet consectetur adipiscing elit duis tristique sollicitudin nibh sit. Augue neque gravida in fermentum et. Mollis nunc sed id semper risus in hendrerit gravida. Rhoncus mattis rhoncus urna neque viverra justo nec ultrices dui. Amet massa vitae tortor condimentum lacinia quis vel. At consectetur lorem donec massa sapien faucibus et molestie. Consequat id porta nibh venenatis cras. Facilisi etiam dignissim diam quis. Aliquam nulla facilisi cras fermentum odio eu feugiat pretium. Enim nunc faucibus a pellentesque sit.</p>\n<p>Morbi tristique senectus et netus et malesuada fames ac turpis. Ultricies mi eget mauris pharetra et ultrices neque ornare aenean. Enim blandit volutpat maecenas volutpat blandit. Tempor commodo ullamcorper a lacus vestibulum sed. Dignissim diam quis enim lobortis. Viverra adipiscing at in tellus integer feugiat. Mauris nunc congue nisi vitae suscipit. Leo urna molestie at elementum eu facilisis sed odio morbi. Mi sit amet mauris commodo quis imperdiet massa tincidunt. Est lorem ipsum dolor sit amet consectetur adipiscing. Viverra nam libero justo laoreet sit amet cursus sit amet. Nec feugiat in fermentum posuere urna nec. Pharetra convallis posuere morbi leo. Ac orci phasellus egestas tellus rutrum.</p>\n<p>Odio ut sem nulla pharetra diam sit amet nisl suscipit. Eget velit aliquet sagittis id consectetur purus ut faucibus pulvinar. Diam sit amet nisl suscipit adipiscing bibendum. Quam elementum pulvinar etiam non quam lacus suspendisse faucibus interdum. Donec massa sapien faucibus et molestie ac feugiat sed. Lacus laoreet non curabitur gravida arcu ac tortor. Quis varius quam quisque id diam. Tortor aliquam nulla facilisi cras fermentum odio eu. Tempor nec feugiat nisl pretium fusce id velit ut tortor. Purus gravida quis blandit turpis cursus in hac habitasse. Pharetra convallis posuere morbi leo urna. Et malesuada fames ac turpis egestas integer eget. Nisi vitae suscipit tellus mauris. Penatibus et magnis dis parturient montes nascetur ridiculus mus mauris. Massa ultricies mi quis hendrerit dolor magna eget est lorem.</p>\n<p>Pellentesque id nibh tortor id aliquet. In est ante in nibh mauris cursus mattis. Vitae sapien pellentesque habitant morbi tristique senectus. Sed ullamcorper morbi tincidunt ornare massa eget egestas purus viverra. Cursus metus aliquam eleifend mi in nulla posuere sollicitudin. Massa id neque aliquam vestibulum morbi blandit. Placerat vestibulum lectus mauris ultrices eros in cursus. Auctor augue mauris augue neque gravida in fermentum et sollicitudin. Gravida quis blandit turpis cursus in hac habitasse platea. Sed euismod nisi porta lorem mollis aliquam. Netus et malesuada fames ac turpis. Est placerat in egestas erat. Pellentesque habitant morbi tristique senectus et netus et malesuada fames. Auctor augue mauris augue neque gravida in fermentum et sollicitudin. Eu facilisis sed odio morbi. Commodo sed egestas egestas fringilla phasellus faucibus scelerisque eleifend. Leo urna molestie at elementum eu. Arcu non odio euismod lacinia at quis risus sed. Egestas integer eget aliquet nibh praesent tristique magna.</p>\n<p>Lacus sed turpis tincidunt id aliquet risus. Tincidunt vitae semper quis lectus nulla at. Faucibus ornare suspendisse sed nisi lacus sed viverra tellus. Augue lacus viverra vitae congue eu consequat. At elementum eu facilisis sed odio. Aenean euismod elementum nisi quis eleifend quam adipiscing vitae proin. Hac habitasse platea dictumst vestibulum rhoncus est pellentesque elit. Orci sagittis eu volutpat odio. Tempor nec feugiat nisl pretium fusce id velit. Aliquam ut porttitor leo a diam sollicitudin tempor.</p>"},{"element":{"id":"d884f0ca-b02e-4e89-b210-690988201c88"},"value":[{"id":"14943f4f-40eb-49e8-b160-0a3e027526a3"},{"id":"1d57a8ca-c844-4ddb-a8b0-7592fb7e59c1"}]},{"element":{"id":"cac5d3c1-dc2f-40fa-a989-774ba7c63b44"},"value":[{"id":"b0ec9669-ba75-4672-bb5d-8d1e54e7f502"}]},{"element":{"id":"abe47f13-f6f2-4d2a-ae99-95fb6d8604e2"},"value":"2021-07-22T00:00:00Z"},{"element":{"id":"d908f17b-eb38-4ec1-9234-cff2eba13f3b"},"value":[{"id":"65f42ba3-9091-48ff-9df7-9ced4952ee09"}]},{"element":{"id":"eaf2cfbc-f458-4611-925e-db57a405fefb"},"value":7},{"mode":"autogenerated","element":{"id":"c3a30341-451f-4351-bfab-fd8ba415c3c1"},"value":"5-common-mistakes-everyone-makes-in-cars"}],"workflow_step":{"id":"c199950d-99f0-4983-b711-6c4c91624b22"},"item":{"id":"cc79c18c-536f-4478-90ae-94283a981aad"},"language":{"id":"00000000-0000-0000-0000-000000000000"},"last_modified":"2021-07-26T16:37:28.0741543Z"},{"elements":[{"element":{"id":"2a9a25a6-864b-474b-9f96-bc1ecfc6ee67"},"value":"Seven Facts About Health That Will Blow Your Mind"},{"components":[],"element":{"id":"bde05af2-fd39-44bc-b60d-0822a9543cd8"},"value":"<p>Lorem ipsum dolor sit amet, consectetur adipiscing elit, sed do eiusmod tempor incididunt ut labore et dolore magna aliqua. Tellus pellentesque eu tincidunt tortor aliquam nulla facilisi. Platea dictumst quisque sagittis purus sit amet volutpat. Adipiscing at in tellus integer feugiat. A lacus vestibulum sed arcu non. Amet justo donec enim diam. Porttitor leo a diam sollicitudin tempor id eu nisl. Amet consectetur adipiscing elit duis tristique sollicitudin nibh sit. Augue neque gravida in fermentum et. Mollis nunc sed id semper risus in hendrerit gravida. Rhoncus mattis rhoncus urna neque viverra justo nec ultrices dui. Amet massa vitae tortor condimentum lacinia quis vel. At consectetur lorem donec massa sapien faucibus et molestie. Consequat id porta nibh venenatis cras. Facilisi etiam dignissim diam quis. Aliquam nulla facilisi cras fermentum odio eu feugiat pretium. Enim nunc faucibus a pellentesque sit.</p>\n<p>Morbi tristique senectus et netus et malesuada fames ac turpis. Ultricies mi eget mauris pharetra et ultrices neque ornare aenean. Enim blandit volutpat maecenas volutpat blandit. Tempor commodo ullamcorper a lacus vestibulum sed. Dignissim diam quis enim lobortis. Viverra adipiscing at in tellus integer feugiat. Mauris nunc congue nisi vitae suscipit. Leo urna molestie at elementum eu facilisis sed odio morbi. Mi sit amet mauris commodo quis imperdiet massa tincidunt. Est lorem ipsum dolor sit amet consectetur adipiscing. Viverra nam libero justo laoreet sit amet cursus sit amet. Nec feugiat in fermentum posuere urna nec. Pharetra convallis posuere morbi leo. Ac orci phasellus egestas tellus rutrum.</p>\n<p>Odio ut sem nulla pharetra diam sit amet nisl suscipit. Eget velit aliquet sagittis id consectetur purus ut faucibus pulvinar. Diam sit amet nisl suscipit adipiscing bibendum. Quam elementum pulvinar etiam non quam lacus suspendisse faucibus interdum. Donec massa sapien faucibus et molestie ac feugiat sed. Lacus laoreet non curabitur gravida arcu ac tortor. Quis varius quam quisque id diam. Tortor aliquam nulla facilisi cras fermentum odio eu. Tempor nec feugiat nisl pretium fusce id velit ut tortor. Purus gravida quis blandit turpis cursus in hac habitasse. Pharetra convallis posuere morbi leo urna. Et malesuada fames ac turpis egestas integer eget. Nisi vitae suscipit tellus mauris. Penatibus et magnis dis parturient montes nascetur ridiculus mus mauris. Massa ultricies mi quis hendrerit dolor magna eget est lorem.</p>\n<p>Pellentesque id nibh tortor id aliquet. In est ante in nibh mauris cursus mattis. Vitae sapien pellentesque habitant morbi tristique senectus. Sed ullamcorper morbi tincidunt ornare massa eget egestas purus viverra. Cursus metus aliquam eleifend mi in nulla posuere sollicitudin. Massa id neque aliquam vestibulum morbi blandit. Placerat vestibulum lectus mauris ultrices eros in cursus. Auctor augue mauris augue neque gravida in fermentum et sollicitudin. Gravida quis blandit turpis cursus in hac habitasse platea. Sed euismod nisi porta lorem mollis aliquam. Netus et malesuada fames ac turpis. Est placerat in egestas erat. Pellentesque habitant morbi tristique senectus et netus et malesuada fames. Auctor augue mauris augue neque gravida in fermentum et sollicitudin. Eu facilisis sed odio morbi. Commodo sed egestas egestas fringilla phasellus faucibus scelerisque eleifend. Leo urna molestie at elementum eu. Arcu non odio euismod lacinia at quis risus sed. Egestas integer eget aliquet nibh praesent tristique magna.</p>\n<p>Lacus sed turpis tincidunt id aliquet risus. Tincidunt vitae semper quis lectus nulla at. Faucibus ornare suspendisse sed nisi lacus sed viverra tellus. Augue lacus viverra vitae congue eu consequat. At elementum eu facilisis sed odio. Aenean euismod elementum nisi quis eleifend quam adipiscing vitae proin. Hac habitasse platea dictumst vestibulum rhoncus est pellentesque elit. Orci sagittis eu volutpat odio. Tempor nec feugiat nisl pretium fusce id velit. Aliquam ut porttitor leo a diam sollicitudin tempor.</p>"},{"element":{"id":"d884f0ca-b02e-4e89-b210-690988201c88"},"value":[{"id":"4f5a6d0a-dce8-496b-8b12-8ff621a1a45c"}]},{"element":{"id":"cac5d3c1-dc2f-40fa-a989-774ba7c63b44"},"value":[{"id":"9ca4becc-44f4-4f14-9d7f-88078c076a17"}]},{"element":{"id":"abe47f13-f6f2-4d2a-ae99-95fb6d8604e2"},"value":"2021-07-14T00:00:00Z"},{"element":{"id":"d908f17b-eb38-4ec1-9234-cff2eba13f3b"},"value":[{"id":"74e4d2c9-148e-44cf-823f-5fe59771f9f8"}]},{"element":{"id":"eaf2cfbc-f458-4611-925e-db57a405fefb"},"value":8},{"mode":"autogenerated","element":{"id":"c3a30341-451f-4351-bfab-fd8ba415c3c1"},"value":"seven-facts-about-health-that-will-blow-your-mind"}],"workflow_step":{"id":"c199950d-99f0-4983-b711-6c4c91624b22"},"item":{"id":"8ac2ee1e-2162-4979-b77d-da34180b1dbb"},"language":{"id":"00000000-0000-0000-0000-000000000000"},"last_modified":"2021-07-26T16:40:30.2637405Z"}]